[
  {
    "code": 1,
    "name": "Mombasa",
    "capital_city": "Mombasa (City)"
  },
  {
    "code": 2,
    "name": "Kwale",
    "capital_city": "Kwale"
  },
  {
    "code": 3,
    "name": "Kilifi",
    "capital_city": "Kilifi"
  },
  {
    "code": 4,
    "name": "Tana River",
    "capital_city": "Hola"
  },
  {
    "code": 5,
    "name": "Lamu",
    "capital_city": "Lamu"
  },
  {
    "code": 6,
    "name": "Taita Taveta",
    "capital_city": "Voi"
  },
  {
    "code": 7,
    "name": "Garissa",
    "capital_city": "Garissa"
  },
  {
    "code": 8,
    "name": "wajir",
    "capital_city": "Wajir"
  },
  {
    "code": 9,
    "name": "Mandera",
    "capital_city": "Mandera"
  },
  {
    "code": 10,
    "name": "Marsabit",
    "capital_city": "Marsabit"
  },
  {
    "code": 11,
    "name": "Isiolo",
    "capital_city": "Isiolo"
  },
  {
    "code": 12,
    "name": "Meru",
    "capital_city": "Meru"
  },
  {
    "code": 13,
    "name": "Tharaka Nithi",
    "capital_city": "Chuka"
  },
  {
    "code": 14,
    "name": "Embu",
    "capital_city": "Embu"
  },
  {
    "code": 15,
    "name": "Kitui",
    "capital_city": "Kitui"
  },
  {
    "code": 16,
    "name": "Machakos",
    "capital_city": "Machakos"
  },
  {
    "code": 17,
    "name": "Makueni",
    "capital_city": "Wote"
  },
  {
    "code": 18,
    "name": "Nyandarua",
    "capital_city": "Ol Kalou"
  },
  {
    "code": 19,
    "name": "Nyeri",
    "capital_city": "Nyeri"
  },
  {
    "code": 20,
    "name": "Kirinyaga",
    "capital_city": "Kerugoya/Kutus"
  },
  {
    "code": 21,
    "name": "Murang'a",
    "capital_city": "Murang'a"
  },
  {
    "code": 22,
    "name": "Kiambu",
    "capital_city": "Kiambu"
  },
  {
    "code": 23,
    "name": "Turkana",
    "capital_city": "Lodwar"
  },
  {
    "code": 24,
    "name": "West Pokot",
    "capital_city": "Kapenguria"
  },
  {
    "code": 25,
    "name": "Samburu",
    "capital_city": "Maralal"
  },
  {
    "code": 26,
    "name": "Trans Nzoia",
    "capital_city": "Kitale"
  },
  {
    "code": 27,
    "name": "Uasin Gishu",
    "capital_city": "Eldoret"
  },
  {
    "code": 28,
    "name": "Elgeyo Marakwet",
    "capital_city": "Iten"
  },
  {
    "code": 29,
    "name": "Nandi",
    "capital_city": "Kapsabet"
  },
  {
    "code": 30,
    "name": "Baringo",
    "capital_city": "Kabarnet"
  },
  {
    "code": 31,
    "name": "Laikipia",
    "capital_city": "Rumuruti"
  },
  {
    "code": 32,
    "name": "Nakuru",
    "capital_city": "Nakuru"
  },
  {
    "code": 33,
    "name": "Narok",
    "capital_city": "Narok"
  },
  {
    "code": 34,
    "name": "Kajiado",
    "capital_city": "Kajiado"
  },
  {
    "code": 35,
    "name": "Kericho",
    "capital_city": "Kericho"
  },
  {
    "code": 36,
    "name": "Bomet",
    "capital_city": "Bomet"
  },
  {
    "code": 37,
    "name": "Kakamega",
    "capital_city": "Kakamega"
  },
  {
    "code": 38,
    "name": "Vihiga",
    "capital_city": "Vihiga"
  },
  {
    "code": 39,
    "name": "Bungoma",
    "capital_city": "Bungoma"
  },
  {
    "code": 40,
    "name": "Busia",
    "capital_city": "Busia"
  },
  {
    "code": 41,
    "name": "Siaya",
    "capital_city": "Siaya"
  },
  {
    "code": 42,
    "name": "Kisumu",
    "capital_city": "Kisumu"
  },
  {
    "code": 43,
    "name": "Homa Bay",
    "capital_city": "Homa Bay"
  },
  {
    "code": 44,
    "name": "Migori",
    "capital_city": "Migori"
  },
  {
    "code": 45,
    "name": "Kisii",
    "capital_city": "Kisii"
  },
  {
    "code": 46,
    "name": "Nyamira",
    "capital_city": "Nyamira"
  },
  {
    "code": 47,
    "name": "Nairobi",
    "capital_city": "Nairobi (City)"
  },
  {
    "code": 48,
    "name": "Diaspora",
    "capital_city": "Diaspora"
  },
  {
    "code": 49,
    "name": "Prisons",
    "capital_city": "Prisons"
  }
]