[
  {
    "county_code": 1,
    "code": 1,
    "name": "Changamwe"
  },
  {
    "county_code": 1,
    "code": 2,
    "name": "Jomvu"
  },
  {
    "county_code": 1,
    "code": 3,
    "name": "Kisauni"
  },
  {
    "county_code": 1,
    "code": 4,
    "name": "Nyali"
  },
  {
    "county_code": 1,
    "code": 5,
    "name": "Likoni"
  },
  {
    "county_code": 1,
    "code": 6,
    "name": "Mvita"
  },
  {
    "county_code": 2,
    "code": 7,
    "name": "Msambweni"
  },
  {
    "county_code": 2,
    "code": 8,
    "name": "Lungalunga"
  },
  {
    "county_code": 2,
    "code": 9,
    "name": "Matuga"
  },
  {
    "county_code": 2,
    "code": 10,
    "name": "Kinango"
  },
  {
    "county_code": 3,
    "code": 11,
    "name": "Kilifi North"
  },
  {
    "county_code": 3,
    "code": 12,
    "name": "Kilifi South"
  },
  {
    "county_code": 3,
    "code": 13,
    "name": "Kaloleni"
  },
  {
    "county_code": 3,
    "code": 14,
    "name": "Rabai"
  },
  {
    "county_code": 3,
    "code": 15,
    "name": "Ganze"
  },
  {
    "county_code": 3,
    "code": 16,
    "name": "Malindi"
  },
  {
    "county_code": 3,
    "code": 17,
    "name": "Magarini"
  },
  {
    "county_code": 4,
    "code": 18,
    "name": "Garsen"
  },
  {
    "county_code": 4,
    "code": 19,
    "name": "Galole"
  },
  {
    "county_code": 4,
    "code": 20,
    "name": "Bura"
  },
  {
    "county_code": 5,
    "code": 21,
    "name": "Lamu East"
  },
  {
    "county_code": 5,
    "code": 22,
    "name": "Lamu West"
  },
  {
    "county_code": 6,
    "code": 23,
    "name": "Taveta"
  },
  {
    "county_code": 6,
    "code": 24,
    "name": "Wundanyi"
  },
  {
    "county_code": 6,
    "code": 25,
    "name": "Mwatate"
  },
  {
    "county_code": 6,
    "code": 26,
    "name": "Voi"
  },
  {
    "county_code": 7,
    "code": 27,
    "name": "Garissa Township"
  },
  {
    "county_code": 7,
    "code": 28,
    "name": "Balambala"
  },
  {
    "county_code": 7,
    "code": 29,
    "name": "Lagdera"
  },
  {
    "county_code": 7,
    "code": 30,
    "name": "Dadaab"
  },
  {
    "county_code": 7,
    "code": 31,
    "name": "Fafi"
  },
  {
    "county_code": 7,
    "code": 32,
    "name": "Ijara"
  },
  {
    "county_code": 8,
    "code": 33,
    "name": "Wajir North"
  },
  {
    "county_code": 8,
    "code": 34,
    "name": "Wajir East"
  },
  {
    "county_code": 8,
    "code": 35,
    "name": "Tarbaj"
  },
  {
    "county_code": 8,
    "code": 36,
    "name": "Wajir West"
  },
  {
    "county_code": 8,
    "code": 37,
    "name": "Eldas"
  },
  {
    "county_code": 8,
    "code": 38,
    "name": "Wajir South"
  },
  {
    "county_code": 9,
    "code": 39,
    "name": "Mandera West"
  },
  {
    "county_code": 9,
    "code": 40,
    "name": "Banissa"
  },
  {
    "county_code": 9,
    "code": 41,
    "name": "Mandera North"
  },
  {
    "county_code": 9,
    "code": 42,
    "name": "Mandera South"
  },
  {
    "county_code": 9,
    "code": 43,
    "name": "Mandera East"
  },
  {
    "county_code": 9,
    "code": 44,
    "name": "Lafey"
  },
  {
    "county_code": 10,
    "code": 45,
    "name": "Moyale"
  },
  {
    "county_code": 10,
    "code": 46,
    "name": "North Horr"
  },
  {
    "county_code": 10,
    "code": 47,
    "name": "Saku"
  },
  {
    "county_code": 10,
    "code": 48,
    "name": "Laisamis"
  },
  {
    "county_code": 11,
    "code": 49,
    "name": "Isiolo North"
  },
  {
    "county_code": 11,
    "code": 50,
    "name": "Isiolo South"
  },
  {
    "county_code": 12,
    "code": 51,
    "name": "Igembe South"
  },
  {
    "county_code": 12,
    "code": 52,
    "name": "Igembe Central"
  },
  {
    "county_code": 12,
    "code": 53,
    "name": "Igembe North"
  },
  {
    "county_code": 12,
    "code": 54,
    "name": "Tigania West"
  },
  {
    "county_code": 12,
    "code": 55,
    "name": "Tigania East"
  },
  {
    "county_code": 12,
    "code": 56,
    "name": "North Imenti"
  },
  {
    "county_code": 12,
    "code": 57,
    "name": "Buuri"
  },
  {
    "county_code": 12,
    "code": 58,
    "name": "Central Imenti"
  },
  {
    "county_code": 12,
    "code": 59,
    "name": "South Imenti"
  },
  {
    "county_code": 13,
    "code": 60,
    "name": "Maara"
  },
  {
    "county_code": 13,
    "code": 61,
    "name": "Chuka/Igambang'ombe"
  },
  {
    "county_code": 13,
    "code": 62,
    "name": "Tharaka"
  },
  {
    "county_code": 14,
    "code": 63,
    "name": "Manyatta"
  },
  {
    "county_code": 14,
    "code": 64,
    "name": "Runyenjes"
  },
  {
    "county_code": 14,
    "code": 65,
    "name": "Mbeere South"
  },
  {
    "county_code": 14,
    "code": 66,
    "name": "Mbeere North"
  },
  {
    "county_code": 15,
    "code": 67,
    "name": "Mwingi North"
  },
  {
    "county_code": 15,
    "code": 68,
    "name": "Mwingi West"
  },
  {
    "county_code": 15,
    "code": 69,
    "name": "Mwingi Central"
  },
  {
    "county_code": 15,
    "code": 70,
    "name": "Kitui West"
  },
  {
    "county_code": 15,
    "code": 71,
    "name": "Kitui Rural"
  },
  {
    "county_code": 15,
    "code": 72,
    "name": "Kitui Central"
  },
  {
    "county_code": 15,
    "code": 73,
    "name": "Kitui East"
  },
  {
    "county_code": 15,
    "code": 74,
    "name": "Kitui South"
  },
  {
    "county_code": 16,
    "code": 75,
    "name": "Masinga"
  },
  {
    "county_code": 16,
    "code": 76,
    "name": "Yatta"
  },
  {
    "county_code": 16,
    "code": 77,
    "name": "Kangundo"
  },
  {
    "county_code": 16,
    "code": 78,
    "name": "Matungulu"
  },
  {
    "county_code": 16,
    "code": 79,
    "name": "Kathiani"
  },
  {
    "county_code": 16,
    "code": 80,
    "name": "Mavoko"
  },
  {
    "county_code": 16,
    "code": 81,
    "name": "Machakos Town"
  },
  {
    "county_code": 16,
    "code": 82,
    "name": "Mwala"
  },
  {
    "county_code": 17,
    "code": 83,
    "name": "Mbooni"
  },
  {
    "county_code": 17,
    "code": 84,
    "name": "Kilome"
  },
  {
    "county_code": 17,
    "code": 85,
    "name": "Kaiti"
  },
  {
    "county_code": 17,
    "code": 86,
    "name": "Makueni"
  },
  {
    "county_code": 17,
    "code": 87,
    "name": "Kibwezi West"
  },
  {
    "county_code": 17,
    "code": 88,
    "name": "Kibwezi East"
  },
  {
    "county_code": 18,
    "code": 89,
    "name": "Kinangop"
  },
  {
    "county_code": 18,
    "code": 90,
    "name": "Kipipiri"
  },
  {
    "county_code": 18,
    "code": 91,
    "name": "Ol Kalou"
  },
  {
    "county_code": 18,
    "code": 92,
    "name": "Ol Jorok"
  },
  {
    "county_code": 18,
    "code": 93,
    "name": "Ndaragwa"
  },
  {
    "county_code": 19,
    "code": 94,
    "name": "Tetu"
  },
  {
    "county_code": 19,
    "code": 95,
    "name": "Kieni"
  },
  {
    "county_code": 19,
    "code": 96,
    "name": "Mathira"
  },
  {
    "county_code": 19,
    "code": 97,
    "name": "Othaya"
  },
  {
    "county_code": 19,
    "code": 98,
    "name": "Mukurweini"
  },
  {
    "county_code": 19,
    "code": 99,
    "name": "Nyeri Town"
  },
  {
    "county_code": 20,
    "code": 100,
    "name": "Mwea"
  },
  {
    "county_code": 20,
    "code": 101,
    "name": "Gichugu"
  },
  {
    "county_code": 20,
    "code": 102,
    "name": "Ndia"
  },
  {
    "county_code": 20,
    "code": 103,
    "name": "Kirinyaga Central"
  },
  {
    "county_code": 21,
    "code": 104,
    "name": "Kangema"
  },
  {
    "county_code": 21,
    "code": 105,
    "name": "Mathioya"
  },
  {
    "county_code": 21,
    "code": 106,
    "name": "Kiharu"
  },
  {
    "county_code": 21,
    "code": 107,
    "name": "Kigumo"
  },
  {
    "county_code": 21,
    "code": 108,
    "name": "Maragwa"
  },
  {
    "county_code": 21,
    "code": 109,
    "name": "Kandara"
  },
  {
    "county_code": 21,
    "code": 110,
    "name": "Gatanga"
  },
  {
    "county_code": 22,
    "code": 111,
    "name": "Gatundu South"
  },
  {
    "county_code": 22,
    "code": 112,
    "name": "Gatundu North"
  },
  {
    "county_code": 22,
    "code": 113,
    "name": "Juja"
  },
  {
    "county_code": 22,
    "code": 114,
    "name": "Thika Town"
  },
  {
    "county_code": 22,
    "code": 115,
    "name": "Ruiru"
  },
  {
    "county_code": 22,
    "code": 116,
    "name": "Githunguri"
  },
  {
    "county_code": 22,
    "code": 117,
    "name": "Kiambu"
  },
  {
    "county_code": 22,
    "code": 118,
    "name": "Kiambaa"
  },
  {
    "county_code": 22,
    "code": 119,
    "name": "Kabete"
  },
  {
    "county_code": 22,
    "code": 120,
    "name": "Kikuyu"
  },
  {
    "county_code": 22,
    "code": 121,
    "name": "Limuru"
  },
  {
    "county_code": 22,
    "code": 122,
    "name": "Lari"
  },
  {
    "county_code": 23,
    "code": 123,
    "name": "Turkana North"
  },
  {
    "county_code": 23,
    "code": 124,
    "name": "Turkana West"
  },
  {
    "county_code": 23,
    "code": 125,
    "name": "Turkana Central"
  },
  {
    "county_code": 23,
    "code": 126,
    "name": "Loima"
  },
  {
    "county_code": 23,
    "code": 127,
    "name": "Turkana South"
  },
  {
    "county_code": 23,
    "code": 128,
    "name": "Turkana East"
  },
  {
    "county_code": 24,
    "code": 129,
    "name": "Kapenguria"
  },
  {
    "county_code": 24,
    "code": 130,
    "name": "Sigor"
  },
  {
    "county_code": 24,
    "code": 131,
    "name": "Kacheliba"
  },
  {
    "county_code": 24,
    "code": 132,
    "name": "Pokot South"
  },
  {
    "county_code": 25,
    "code": 133,
    "name": "Samburu West"
  },
  {
    "county_code": 25,
    "code": 134,
    "name": "Samburu North"
  },
  {
    "county_code": 25,
    "code": 135,
    "name": "Samburu East"
  },
  {
    "county_code": 26,
    "code": 136,
    "name": "Kwanza"
  },
  {
    "county_code": 26,
    "code": 137,
    "name": "Endebess"
  },
  {
    "county_code": 26,
    "code": 138,
    "name": "Saboti"
  },
  {
    "county_code": 26,
    "code": 139,
    "name": "Kiminini"
  },
  {
    "county_code": 26,
    "code": 140,
    "name": "Cherangany"
  },
  {
    "county_code": 27,
    "code": 141,
    "name": "Soy"
  },
  {
    "county_code": 27,
    "code": 142,
    "name": "Turbo"
  },
  {
    "county_code": 27,
    "code": 143,
    "name": "Moiben"
  },
  {
    "county_code": 27,
    "code": 144,
    "name": "Ainabkoi"
  },
  {
    "county_code": 27,
    "code": 145,
    "name": "Kapseret"
  },
  {
    "county_code": 27,
    "code": 146,
    "name": "Kesses"
  },
  {
    "county_code": 28,
    "code": 147,
    "name": "Marakwet East"
  },
  {
    "county_code": 28,
    "code": 148,
    "name": "Marakwet West"
  },
  {
    "county_code": 28,
    "code": 149,
    "name": "Keiyo North"
  },
  {
    "county_code": 28,
    "code": 150,
    "name": "Keiyo South"
  },
  {
    "county_code": 29,
    "code": 151,
    "name": "Tinderet"
  },
  {
    "county_code": 29,
    "code": 152,
    "name": "Aldai"
  },
  {
    "county_code": 29,
    "code": 153,
    "name": "Nandi Hills"
  },
  {
    "county_code": 29,
    "code": 154,
    "name": "Chesumei"
  },
  {
    "county_code": 29,
    "code": 155,
    "name": "Emgwen"
  },
  {
    "county_code": 29,
    "code": 156,
    "name": "Mosop"
  },
  {
    "county_code": 30,
    "code": 157,
    "name": "Tiaty"
  },
  {
    "county_code": 30,
    "code": 158,
    "name": "Baringo  North"
  },
  {
    "county_code": 30,
    "code": 159,
    "name": "Baringo Central"
  },
  {
    "county_code": 30,
    "code": 160,
    "name": "Baringo South"
  },
  {
    "county_code": 30,
    "code": 161,
    "name": "Mogotio"
  },
  {
    "county_code": 30,
    "code": 162,
    "name": "Eldama Ravine"
  },
  {
    "county_code": 31,
    "code": 163,
    "name": "Laikipia West"
  },
  {
    "county_code": 31,
    "code": 164,
    "name": "Laikipia East"
  },
  {
    "county_code": 31,
    "code": 165,
    "name": "Laikipia North"
  },
  {
    "county_code": 32,
    "code": 166,
    "name": "Molo"
  },
  {
    "county_code": 32,
    "code": 167,
    "name": "Njoro"
  },
  {
    "county_code": 32,
    "code": 168,
    "name": "Naivasha"
  },
  {
    "county_code": 32,
    "code": 169,
    "name": "Gilgil"
  },
  {
    "county_code": 32,
    "code": 170,
    "name": "Kuresoi South"
  },
  {
    "county_code": 32,
    "code": 171,
    "name": "Kuresoi North"
  },
  {
    "county_code": 32,
    "code": 172,
    "name": "Subukia"
  },
  {
    "county_code": 32,
    "code": 173,
    "name": "Rongai"
  },
  {
    "county_code": 32,
    "code": 174,
    "name": "Bahati"
  },
  {
    "county_code": 32,
    "code": 175,
    "name": "Nakuru Town West"
  },
  {
    "county_code": 32,
    "code": 176,
    "name": "Nakuru Town East"
  },
  {
    "county_code": 33,
    "code": 177,
    "name": "Kilgoris"
  },
  {
    "county_code": 33,
    "code": 178,
    "name": "Emurua Dikirr"
  },
  {
    "county_code": 33,
    "code": 179,
    "name": "Narok North"
  },
  {
    "county_code": 33,
    "code": 180,
    "name": "Narok East"
  },
  {
    "county_code": 33,
    "code": 181,
    "name": "Narok South"
  },
  {
    "county_code": 33,
    "code": 182,
    "name": "Narok West"
  },
  {
    "county_code": 34,
    "code": 183,
    "name": "Kajiado North"
  },
  {
    "county_code": 34,
    "code": 184,
    "name": "Kajiado Central"
  },
  {
    "county_code": 34,
    "code": 185,
    "name": "Kajiado East"
  },
  {
    "county_code": 34,
    "code": 186,
    "name": "Kajiado West"
  },
  {
    "county_code": 34,
    "code": 187,
    "name": "Kajiado South"
  },
  {
    "county_code": 35,
    "code": 188,
    "name": "Kipkelion East"
  },
  {
    "county_code": 35,
    "code": 189,
    "name": "Kipkelion West"
  },
  {
    "county_code": 35,
    "code": 190,
    "name": "Ainamoi"
  },
  {
    "county_code": 35,
    "code": 191,
    "name": "Bureti"
  },
  {
    "county_code": 35,
    "code": 192,
    "name": "Belgut"
  },
  {
    "county_code": 35,
    "code": 193,
    "name": "Sigowet/Soin"
  },
  {
    "county_code": 36,
    "code": 194,
    "name": "Sotik"
  },
  {
    "county_code": 36,
    "code": 195,
    "name": "Chepalungu"
  },
  {
    "county_code": 36,
    "code": 196,
    "name": "Bomet East"
  },
  {
    "county_code": 36,
    "code": 197,
    "name": "Bomet Central"
  },
  {
    "county_code": 36,
    "code": 198,
    "name": "Konoin"
  },
  {
    "county_code": 37,
    "code": 199,
    "name": "Lugari"
  },
  {
    "county_code": 37,
    "code": 200,
    "name": "Likuyani"
  },
  {
    "county_code": 37,
    "code": 201,
    "name": "Malava"
  },
  {
    "county_code": 37,
    "code": 202,
    "name": "Lurambi"
  },
  {
    "county_code": 37,
    "code": 203,
    "name": "Navakholo"
  },
  {
    "county_code": 37,
    "code": 204,
    "name": "Mumias West"
  },
  {
    "county_code": 37,
    "code": 205,
    "name": "Mumias East"
  },
  {
    "county_code": 37,
    "code": 206,
    "name": "Matungu"
  },
  {
    "county_code": 37,
    "code": 207,
    "name": "Butere"
  },
  {
    "county_code": 37,
    "code": 208,
    "name": "Khwisero"
  },
  {
    "county_code": 37,
    "code": 209,
    "name": "Shinyalu"
  },
  {
    "county_code": 37,
    "code": 210,
    "name": "Ikolomani"
  },
  {
    "county_code": 38,
    "code": 211,
    "name": "Vihiga"
  },
  {
    "county_code": 38,
    "code": 212,
    "name": "Sabatia"
  },
  {
    "county_code": 38,
    "code": 213,
    "name": "Hamisi"
  },
  {
    "county_code": 38,
    "code": 214,
    "name": "Luanda"
  },
  {
    "county_code": 38,
    "code": 215,
    "name": "Emuhaya"
  },
  {
    "county_code": 39,
    "code": 216,
    "name": "Mt. Elgon"
  },
  {
    "county_code": 39,
    "code": 217,
    "name": "Sirisia"
  },
  {
    "county_code": 39,
    "code": 218,
    "name": "Kabuchai"
  },
  {
    "county_code": 39,
    "code": 219,
    "name": "Bumula"
  },
  {
    "county_code": 39,
    "code": 220,
    "name": "Kanduyi"
  },
  {
    "county_code": 39,
    "code": 221,
    "name": "Webuye East"
  },
  {
    "county_code": 39,
    "code": 222,
    "name": "Webuye West"
  },
  {
    "county_code": 39,
    "code": 223,
    "name": "Kimilili"
  },
  {
    "county_code": 39,
    "code": 224,
    "name": "Tongaren"
  },
  {
    "county_code": 40,
    "code": 225,
    "name": "Teso North"
  },
  {
    "county_code": 40,
    "code": 226,
    "name": "Teso South"
  },
  {
    "county_code": 40,
    "code": 227,
    "name": "Nambale"
  },
  {
    "county_code": 40,
    "code": 228,
    "name": "Matayos"
  },
  {
    "county_code": 40,
    "code": 229,
    "name": "Butula"
  },
  {
    "county_code": 40,
    "code": 230,
    "name": "Funyula"
  },
  {
    "county_code": 40,
    "code": 231,
    "name": "Budalangi"
  },
  {
    "county_code": 41,
    "code": 232,
    "name": "Ugenya"
  },
  {
    "county_code": 41,
    "code": 233,
    "name": "Ugunja"
  },
  {
    "county_code": 41,
    "code": 234,
    "name": "Alego Usonga"
  },
  {
    "county_code": 41,
    "code": 235,
    "name": "Gem"
  },
  {
    "county_code": 41,
    "code": 236,
    "name": "Bondo"
  },
  {
    "county_code": 41,
    "code": 237,
    "name": "Rarieda"
  },
  {
    "county_code": 42,
    "code": 238,
    "name": "Kisumu East"
  },
  {
    "county_code": 42,
    "code": 239,
    "name": "Kisumu West"
  },
  {
    "county_code": 42,
    "code": 240,
    "name": "Kisumu Central"
  },
  {
    "county_code": 42,
    "code": 241,
    "name": "Seme"
  },
  {
    "county_code": 42,
    "code": 242,
    "name": "Nyando"
  },
  {
    "county_code": 42,
    "code": 243,
    "name": "Muhoroni"
  },
  {
    "county_code": 42,
    "code": 244,
    "name": "Nyakach"
  },
  {
    "county_code": 43,
    "code": 245,
    "name": "Kasipul"
  },
  {
    "county_code": 43,
    "code": 246,
    "name": "Kabondo Kasipul"
  },
  {
    "county_code": 43,
    "code": 247,
    "name": "Karachuonyo"
  },
  {
    "county_code": 43,
    "code": 248,
    "name": "Rangwe"
  },
  {
    "county_code": 43,
    "code": 249,
    "name": "Homa Bay Town"
  },
  {
    "county_code": 43,
    "code": 250,
    "name": "Ndhiwa"
  },
  {
    "county_code": 43,
    "code": 251,
    "name": "Suba North"
  },
  {
    "county_code": 43,
    "code": 252,
    "name": "Suba South"
  },
  {
    "county_code": 44,
    "code": 253,
    "name": "Rongo"
  },
  {
    "county_code": 44,
    "code": 254,
    "name": "Awendo"
  },
  {
    "county_code": 44,
    "code": 255,
    "name": "Suna East"
  },
  {
    "county_code": 44,
    "code": 256,
    "name": "Suna West"
  },
  {
    "county_code": 44,
    "code": 257,
    "name": "Uriri"
  },
  {
    "county_code": 44,
    "code": 258,
    "name": "Nyatike"
  },
  {
    "county_code": 44,
    "code": 259,
    "name": "Kuria West"
  },
  {
    "county_code": 44,
    "code": 260,
    "name": "Kuria East"
  },
  {
    "county_code": 45,
    "code": 261,
    "name": "Bonchari"
  },
  {
    "county_code": 45,
    "code": 262,
    "name": "South Mugirango"
  },
  {
    "county_code": 45,
    "code": 263,
    "name": "Bomachoge Borabu"
  },
  {
    "county_code": 45,
    "code": 264,
    "name": "Bobasi"
  },
  {
    "county_code": 45,
    "code": 265,
    "name": "Bomachoge Chache"
  },
  {
    "county_code": 45,
    "code": 266,
    "name": "Nyaribari Masaba"
  },
  {
    "county_code": 45,
    "code": 267,
    "name": "Nyaribari Chache"
  },
  {
    "county_code": 45,
    "code": 268,
    "name": "Kitutu Chache North"
  },
  {
    "county_code": 45,
    "code": 269,
    "name": "Kitutu Chache South"
  },
  {
    "county_code": 46,
    "code": 270,
    "name": "Kitutu Masaba"
  },
  {
    "county_code": 46,
    "code": 271,
    "name": "West Mugirango"
  },
  {
    "county_code": 46,
    "code": 272,
    "name": "North Mugirango"
  },
  {
    "county_code": 46,
    "code": 273,
    "name": "Borabu"
  },
  {
    "county_code": 47,
    "code": 274,
    "name": "Westlands"
  },
  {
    "county_code": 47,
    "code": 275,
    "name": "Dagoretti North"
  },
  {
    "county_code": 47,
    "code": 276,
    "name": "Dagoretti South"
  },
  {
    "county_code": 47,
    "code": 277,
    "name": "Langata"
  },
  {
    "county_code": 47,
    "code": 278,
    "name": "Kibra"
  },
  {
    "county_code": 47,
    "code": 279,
    "name": "Roysambu"
  },
  {
    "county_code": 47,
    "code": 280,
    "name": "Kasarani"
  },
  {
    "county_code": 47,
    "code": 281,
    "name": "Ruaraka"
  },
  {
    "county_code": 47,
    "code": 282,
    "name": "Embakasi South"
  },
  {
    "county_code": 47,
    "code": 283,
    "name": "Embakasi North"
  },
  {
    "county_code": 47,
    "code": 284,
    "name": "Embakasi Central"
  },
  {
    "county_code": 47,
    "code": 285,
    "name": "Embakasi East"
  },
  {
    "county_code": 47,
    "code": 286,
    "name": "Embakasi West"
  },
  {
    "county_code": 47,
    "code": 287,
    "name": "Makadara"
  },
  {
    "county_code": 47,
    "code": 288,
    "name": "Kamukunji"
  },
  {
    "county_code": 47,
    "code": 289,
    "name": "Starehe"
  },
  {
    "county_code": 47,
    "code": 290,
    "name": "Mathare"
  },
  {
    "county_code": 48,
    "code": 291,
    "name": "Diaspora"
  },
  {
    "county_code": 49,
    "code": 292,
    "name": "Prisons"
  }
]